Age,DailyRate,DistanceFromHome,Education,EnvironmentSatisfaction,HourlyRate,JobInvolvement,JobLevel,JobSatisfaction,MonthlyIncome,MonthlyRate,NumCompaniesWorked,PercentSalaryHike,PerformanceRating,RelationshipSatisfaction,StockOptionLevel,TotalWorkingYears,TrainingTimesLastYear,WorkLifeBalance,YearsAtCompany,YearsInCurrentRole,YearsSinceLastPromotion,YearsWithCurrManager,BusinessTravel_Travel_Frequently,BusinessTravel_Travel_Rarely,Department_Research & Development,Department_Sales,EducationField_Life Sciences,EducationField_Marketing,EducationField_Medical,EducationField_Other,EducationField_Technical Degree,Gender_Male,JobRole_Human Resources,JobRole_Laboratory Technician,JobRole_Manager,JobRole_Manufacturing Director,JobRole_Research Director,JobRole_Research Scientist,JobRole_Sales Executive,JobRole_Sales Representative,MaritalStatus_Married,MaritalStatus_Single,OverTime_Yes,Actual_Attrition,Predicted_Attrition,Attrition_Probability
28,866,5,3,4,84,3,2,1,8463,23490,0,18,3,4,0,6,4,3,5,4,1,3,False,True,False,True,False,False,True,False,False,True,False,False,False,False,False,False,True,False,False,True,False,0,0,0.06491801106864697
53,1084,13,2,4,57,4,2,1,4450,26250,1,11,3,3,2,5,3,3,4,2,1,3,False,True,True,False,False,False,True,False,False,False,False,False,False,True,False,False,False,False,False,False,False,0,0,0.002635601789361174
24,240,22,1,4,58,1,1,3,1555,11585,1,11,3,3,1,1,2,3,1,0,0,0,False,True,False,False,False,False,False,False,False,True,True,False,False,False,False,False,False,False,True,False,False,1,0,0.34261177611995863
45,1339,7,3,2,59,3,3,1,9724,18787,2,17,3,3,1,25,2,3,1,0,0,0,False,True,True,False,True,False,False,False,False,True,False,False,False,False,False,True,False,False,False,False,False,0,0,0.012852388288667528
36,1396,5,2,4,62,3,2,2,5914,9945,8,16,3,4,0,16,3,4,13,11,3,7,False,True,True,False,True,False,False,False,False,True,False,True,False,False,False,False,False,False,False,True,False,0,0,0.0506771424043665
34,204,14,3,3,31,3,1,3,2579,2912,1,18,3,4,2,8,3,3,8,2,0,6,False,True,False,True,False,False,False,False,True,False,False,False,False,False,False,False,False,True,False,False,True,0,0,0.32748404370706913
35,144,22,3,4,46,1,1,3,4230,19225,0,15,3,3,0,6,2,3,5,4,4,3,False,True,True,False,True,False,False,False,False,True,False,True,False,False,False,False,False,False,False,True,False,0,0,0.40427929689369074
39,1431,1,4,3,96,3,1,3,2232,15417,7,14,3,3,3,7,1,3,3,2,1,2,False,True,True,False,False,False,True,False,False,False,False,True,False,False,False,False,False,False,False,False,False,0,0,0.03444578170943103
45,1052,6,3,4,57,2,3,4,8865,16840,6,12,3,4,0,23,2,3,19,7,12,8,False,False,False,True,False,False,True,False,False,False,False,False,False,False,False,False,True,False,False,True,False,0,0,0.06053507262137239
35,1229,8,1,4,36,4,1,4,2269,4892,1,19,3,4,0,1,2,3,1,0,0,1,False,True,True,False,True,False,False,False,False,True,False,True,False,False,False,False,False,False,True,False,False,0,0,0.01379595256296139
47,1454,2,4,4,65,2,1,4,3294,13137,1,18,3,1,0,3,3,2,3,2,1,2,False,True,False,True,True,False,False,False,False,False,False,False,False,False,False,False,False,True,False,True,True,0,1,0.5171301542967655
43,531,4,4,4,56,2,3,4,10231,20364,3,14,3,4,0,23,3,4,21,7,15,17,False,True,False,True,False,True,False,False,False,False,False,False,False,False,False,False,True,False,False,True,False,0,0,0.052871637920827295
44,625,4,3,4,50,3,2,2,5933,5197,9,12,3,4,0,10,2,2,5,2,2,3,False,True,True,False,False,False,True,False,False,True,False,False,False,False,False,False,False,False,False,True,False,0,0,0.08190629346093134
40,1171,10,4,4,46,4,1,3,2213,22495,3,13,3,3,1,10,3,3,7,7,1,7,False,True,True,False,True,False,False,False,False,False,False,True,False,False,False,False,False,False,True,False,True,0,0,0.038295152589499316
22,581,1,2,4,63,3,1,3,3375,17624,0,12,3,4,0,4,2,4,3,2,1,2,False,True,True,False,True,False,False,False,False,True,False,False,False,False,False,True,False,False,False,True,False,0,0,0.023319682863513377
30,1312,2,4,4,78,2,1,1,4968,26427,0,16,3,4,0,10,2,3,9,7,0,7,True,False,True,False,False,False,False,False,True,False,False,False,False,False,False,True,False,False,False,True,False,0,0,0.10354562217856257
29,461,1,3,4,70,4,2,3,6294,23060,8,12,3,4,0,10,5,4,3,2,0,2,True,False,True,False,True,False,False,False,False,True,False,False,False,False,False,False,False,False,False,True,True,0,0,0.17400551238084422
36,885,16,4,3,43,4,1,1,2743,8269,1,16,3,3,0,18,1,3,17,13,15,14,False,True,True,False,True,False,False,False,False,False,False,True,False,False,False,False,False,False,False,True,False,1,0,0.11495314663848143
47,666,29,4,1,88,3,3,2,11849,10268,1,12,3,4,1,10,2,2,10,7,9,9,False,False,True,False,True,False,False,False,False,True,False,False,True,False,False,False,False,False,True,False,True,1,0,0.17763143396098105
34,829,15,3,2,71,3,4,1,17007,11929,7,14,3,4,2,16,3,2,14,8,6,9,True,False,True,False,False,False,True,False,False,True,False,False,False,False,True,False,False,False,False,False,False,0,0,0.029459511778919163
31,307,29,2,3,71,2,1,2,3479,11652,0,11,3,2,0,6,2,4,5,4,1,4,True,False,True,False,False,False,True,False,False,True,False,True,False,False,False,False,False,False,False,True,False,1,1,0.557034634125933
47,983,2,2,1,65,3,2,4,5070,7389,5,13,3,3,3,20,2,3,5,0,0,4,False,True,True,False,False,False,True,False,False,False,False,False,False,True,False,False,False,False,False,False,False,0,0,0.002577729360005517
32,601,7,5,4,97,3,2,4,9204,23343,4,12,3,3,1,7,3,2,4,3,0,3,False,True,False,True,False,True,False,False,False,True,False,False,False,False,False,False,True,False,True,False,False,0,0,0.043965073043636914
38,322,7,2,1,44,4,2,1,5605,19191,1,24,4,3,1,8,3,3,8,0,7,7,False,True,False,True,False,False,True,False,False,False,False,False,False,False,False,False,True,False,False,False,True,0,0,0.3864637063994805
33,1242,8,4,1,46,3,2,1,6392,10589,2,13,3,4,1,8,6,1,2,2,2,2,False,True,False,True,True,False,False,False,False,True,False,False,False,False,False,False,True,False,True,False,False,0,0,0.12115688395851679
55,685,26,5,3,60,2,5,4,19586,23037,1,21,4,3,1,36,3,3,36,6,2,13,False,True,False,True,False,True,False,False,False,True,False,False,True,False,False,False,False,False,True,False,False,0,0,0.02279008218890633
27,618,4,3,2,76,3,1,3,2318,17808,1,19,3,3,0,1,2,3,1,1,0,0,False,True,True,False,True,False,False,False,False,False,False,False,False,False,False,True,False,False,False,True,False,0,0,0.07353776486437708
33,586,1,3,1,48,4,2,1,4037,21816,1,22,4,1,1,9,5,3,9,8,0,8,False,True,False,True,False,False,True,False,False,True,False,False,False,False,False,False,True,False,False,False,False,0,0,0.007274006950848583
44,1467,20,3,4,49,3,1,2,3420,21158,1,13,3,3,0,6,3,2,5,2,1,3,False,True,True,False,True,False,False,False,False,True,False,False,False,False,False,True,False,False,False,True,False,0,0,0.08337198132975465
34,470,2,4,4,84,2,2,1,5957,23687,6,13,3,2,1,13,3,3,11,9,5,9,False,True,True,False,True,False,False,False,False,True,False,False,False,True,False,False,False,False,True,False,False,0,0,0.029928124398513833
30,305,16,3,3,58,4,2,3,5294,9128,3,16,3,3,1,10,3,3,7,0,1,7,False,True,True,False,True,False,False,False,False,True,False,False,False,False,False,False,False,False,True,False,False,0,0,0.007742898526054391
26,1066,2,2,4,32,4,2,4,5472,3334,1,12,3,2,0,8,2,3,8,7,1,3,False,True,True,False,False,False,True,False,False,True,False,False,False,True,False,False,False,False,True,False,False,0,0,0.0020159349331841676
40,791,2,2,3,38,4,2,2,4244,9931,1,24,4,4,1,8,2,3,8,7,3,7,True,False,True,False,False,False,True,False,False,False,False,False,False,False,False,False,False,False,True,False,False,0,0,0.001645346527112253
37,799,1,3,2,59,3,3,4,7491,23848,4,17,3,4,0,12,3,4,6,5,1,2,False,True,True,False,False,False,False,False,True,False,False,False,False,True,False,False,False,False,False,True,False,0,0,0.0252746093379876
36,1456,13,5,2,96,2,2,1,6134,8658,5,13,3,2,3,16,3,3,2,2,2,2,False,True,False,True,False,True,False,False,False,True,False,False,False,False,False,False,True,False,False,False,True,1,1,0.5281994546563232
35,882,3,4,4,92,3,3,4,7823,6812,6,13,3,2,1,12,2,3,10,9,0,8,False,True,False,True,True,False,False,False,False,True,False,False,False,False,False,False,True,False,False,False,False,0,0,0.003756340742464041
40,218,8,1,4,55,2,3,2,13757,25178,2,11,3,3,1,16,5,3,9,8,4,8,False,False,True,False,False,False,True,False,False,True,False,False,False,False,True,False,False,False,False,False,False,0,0,0.00024404696563598322
41,906,5,2,1,95,2,1,1,2107,20293,6,17,3,1,1,5,2,1,1,0,0,0,False,False,True,False,True,False,False,False,False,True,False,False,False,False,False,True,False,False,False,False,False,1,0,0.20590230055580713
28,1434,5,4,3,50,3,1,3,3441,11179,1,13,3,3,0,2,3,2,2,2,2,2,False,True,True,False,False,False,False,False,True,True,False,True,False,False,False,False,False,False,False,True,True,1,1,0.8589846322946451
28,1217,1,3,3,67,3,1,1,3591,12719,1,25,4,3,1,3,3,3,3,2,1,2,False,True,True,False,False,False,True,False,False,False,False,False,False,False,False,True,False,False,True,False,False,0,0,0.01706339483662489
38,702,1,4,1,59,2,2,4,8686,12930,4,22,4,3,0,12,2,4,8,3,0,7,False,True,False,True,True,False,False,False,False,False,False,False,False,False,False,False,True,False,False,True,False,0,0,0.04989432060743774
40,1342,9,2,1,47,3,2,1,5473,19345,0,12,3,4,0,9,5,4,8,4,7,1,False,True,False,True,False,False,True,False,False,True,False,False,False,False,False,False,True,False,True,False,False,0,0,0.1074666895995087
32,1200,1,4,4,62,3,2,1,4087,25174,4,14,3,2,1,9,3,2,6,5,1,2,False,False,True,False,False,False,False,False,True,True,False,False,False,False,False,True,False,False,True,False,False,0,0,0.042214836639207276
38,1186,3,4,3,44,3,1,3,2821,2997,3,16,3,1,1,8,2,3,2,2,2,2,True,False,True,False,False,False,False,True,False,True,False,False,False,False,False,True,False,False,True,False,False,0,0,0.04644768552223151
33,350,5,3,4,34,3,1,3,2851,9150,1,13,3,2,0,1,2,3,1,0,0,0,False,True,False,True,False,True,False,False,False,False,False,False,False,False,False,False,False,True,False,True,True,1,1,0.7227005802477118
38,1327,2,2,4,39,2,2,4,5249,19682,3,18,3,4,1,13,0,3,8,7,7,5,False,False,False,True,True,False,False,False,False,True,False,False,False,False,False,False,True,False,True,False,False,0,0,0.006461316784534569
40,299,25,4,4,57,2,3,2,9094,17235,2,12,3,3,0,9,2,3,5,4,1,0,False,True,False,True,False,True,False,False,False,True,False,False,False,False,False,False,True,False,False,True,True,1,1,0.8227503486989693
33,118,16,3,1,69,3,2,1,5324,26507,5,15,3,3,0,6,3,3,3,2,0,2,False,True,False,True,False,True,False,False,False,False,False,False,False,False,False,False,True,False,False,True,False,1,1,0.544269591864165
50,562,8,2,2,50,3,2,3,6796,23452,3,14,3,1,1,18,4,3,4,3,1,3,True,False,False,True,False,False,False,False,True,True,False,False,False,False,False,False,True,False,True,False,True,1,1,0.5248289569657509
19,504,10,3,1,96,2,1,2,1859,6148,1,25,4,2,0,1,2,4,1,1,0,0,False,False,True,False,False,False,True,False,False,False,False,False,False,False,False,True,False,False,False,True,True,1,0,0.4847202810210012
46,1009,2,3,1,51,3,4,3,17861,2288,6,13,3,3,0,26,2,1,3,2,0,1,False,True,True,False,True,False,False,False,False,True,False,False,False,False,True,False,False,False,True,False,False,0,0,0.005770930063947214
31,691,5,4,3,86,3,1,4,4821,10077,0,12,3,3,1,6,4,3,5,2,0,3,False,True,True,False,False,False,False,False,True,True,False,False,False,False,False,True,False,False,True,False,True,0,0,0.1606400062502756
51,684,6,3,1,51,3,5,3,19537,6462,7,13,3,3,0,23,5,3,20,18,15,15,False,True,True,False,True,False,False,False,False,True,False,False,False,False,True,False,False,False,False,True,False,0,0,0.004957417864225905
34,507,15,2,3,66,3,2,1,6125,23553,1,12,3,4,0,10,6,4,10,8,9,6,False,True,False,True,False,False,True,False,False,False,False,False,False,False,False,False,True,False,False,True,False,0,0,0.07784829441107122
29,1082,9,4,4,43,3,1,3,2974,25412,9,17,3,3,1,9,2,3,5,3,1,2,False,True,True,False,False,False,True,False,False,False,False,True,False,False,False,False,False,False,True,False,False,0,0,0.1200912253395096
32,1316,2,2,4,38,3,2,3,4998,2338,4,14,3,4,0,10,2,3,8,7,0,7,True,False,True,False,True,False,False,False,False,False,False,False,False,False,False,True,False,False,False,True,True,0,0,0.09527796274898413
40,905,19,2,3,99,3,2,4,2741,16523,8,15,3,3,1,15,2,4,7,2,3,7,False,True,True,False,False,False,True,False,False,True,False,True,False,False,False,False,False,False,True,False,True,0,0,0.4178500144552606
33,1303,7,2,4,36,3,2,3,5968,18079,1,20,4,3,3,9,2,3,9,7,2,8,True,False,True,False,True,False,False,False,False,True,False,False,False,False,False,False,False,False,False,False,False,0,0,0.001202950272544903
34,970,8,2,2,96,3,2,3,6142,7360,3,11,3,4,0,10,2,3,5,1,4,3,False,True,True,False,False,False,True,False,False,False,False,False,False,False,False,False,False,False,False,True,False,0,0,0.039472080789864784
39,711,4,3,1,81,3,2,3,5042,3140,0,13,3,4,0,10,2,1,9,2,3,8,True,False,True,False,False,False,True,False,False,False,False,False,False,True,False,False,False,False,False,True,False,0,0,0.10383032371058953
45,176,4,3,3,56,1,3,3,9756,6595,4,21,4,3,2,9,2,4,5,0,0,3,False,True,False,False,True,False,False,False,False,False,True,False,False,False,False,False,False,False,True,False,False,0,0,0.04709402542694023
21,1334,10,3,3,36,2,1,1,1416,17258,1,13,3,1,0,1,6,2,1,0,1,0,False,True,True,False,True,False,False,False,False,False,False,True,False,False,False,False,False,False,False,True,False,1,0,0.4999970190512921
31,1445,1,5,3,100,4,3,2,7446,8931,1,11,3,1,0,10,2,3,10,8,4,7,True,False,True,False,True,False,False,False,False,False,False,False,False,True,False,False,False,False,False,True,False,1,0,0.026244719300772885
50,691,2,3,3,64,3,4,3,17639,6881,5,16,3,4,0,30,3,3,4,3,0,3,False,True,True,False,False,False,True,False,False,True,False,False,False,False,True,False,False,False,True,False,False,0,0,0.0004611374378134647
37,1141,11,2,1,61,1,2,2,4777,14382,5,15,3,1,0,15,2,1,1,0,0,0,False,True,True,False,False,False,True,False,False,False,False,False,False,False,False,False,False,False,True,False,False,1,0,0.15763146524126587
35,556,23,2,2,50,2,2,3,5916,15497,3,13,3,1,0,8,1,3,1,0,0,1,False,True,True,False,True,False,False,False,False,True,False,False,False,True,False,False,False,False,True,False,True,1,1,0.5707328295917873
27,1130,8,4,2,56,3,2,2,6214,3415,1,18,3,1,1,8,3,3,8,7,0,7,False,True,False,True,False,True,False,False,False,False,False,False,False,False,False,False,True,False,True,False,False,0,0,0.01677227068782444
37,783,7,4,4,78,3,2,1,4284,13588,5,22,4,3,1,16,2,3,5,3,0,4,False,True,True,False,False,False,True,False,False,True,False,False,False,False,False,True,False,False,True,False,True,0,0,0.13979442089619082
28,1117,8,2,4,66,3,1,4,3310,4488,1,21,4,4,0,5,3,3,5,3,0,2,False,True,True,False,True,False,False,False,False,False,False,False,False,False,False,True,False,False,False,True,False,0,0,0.008856191266478863
40,898,6,2,3,38,3,4,4,16437,17381,1,21,4,4,0,21,2,3,21,7,7,7,False,True,False,False,False,False,True,False,False,True,False,False,True,False,False,False,False,False,False,True,True,0,0,0.12381384377293664
36,335,17,2,3,33,2,2,2,5507,16822,2,16,3,3,2,12,1,1,4,2,1,3,False,True,False,True,False,True,False,False,False,True,False,False,False,False,False,False,True,False,True,False,False,0,0,0.1788777904668742
46,705,2,4,2,83,3,5,1,18947,22822,3,12,3,4,0,22,2,2,2,2,2,1,False,True,False,True,False,True,False,False,False,False,False,False,True,False,False,False,False,False,False,True,False,0,0,0.07947018348472676
37,558,2,3,4,75,3,2,3,9602,3010,4,11,3,3,1,17,3,2,3,0,1,0,False,True,False,True,False,True,False,False,False,True,False,False,False,False,False,False,True,False,True,False,True,0,0,0.2947360388882918
35,776,1,4,3,32,2,2,1,4312,23016,0,14,3,2,0,16,2,3,15,13,2,8,False,True,False,True,False,True,False,False,False,True,False,False,False,False,False,False,True,False,False,True,False,0,0,0.04829847842081441
29,1329,7,3,3,82,3,2,4,6623,4204,1,11,3,2,2,6,2,3,6,0,1,0,False,True,True,False,True,False,False,False,False,True,False,False,False,False,False,False,False,False,False,False,True,0,0,0.05660789712614781
55,836,8,3,4,33,3,4,3,14756,19730,2,14,3,3,3,21,2,3,5,0,0,2,False,True,True,False,False,False,True,False,False,False,False,False,True,False,False,False,False,False,False,False,True,0,0,0.0067018010702496935
34,426,10,4,3,42,4,2,4,4724,17000,1,13,3,1,1,9,3,3,9,7,7,2,True,False,True,False,True,False,False,False,False,True,False,False,False,True,False,False,False,False,False,False,False,0,0,0.01935602352865507
34,1111,8,2,3,93,3,2,1,6500,13305,5,17,3,2,1,6,1,3,3,2,1,2,False,True,False,True,True,False,False,False,False,False,False,False,False,False,False,False,True,False,True,False,False,0,0,0.10087075167984628
36,363,1,3,3,77,1,3,1,10252,4235,2,21,4,3,1,17,2,3,7,7,7,7,False,True,True,False,False,False,False,False,True,False,False,False,False,True,False,False,False,False,False,False,True,0,0,0.20786217106661534
30,634,17,4,2,95,3,3,1,11916,25927,1,23,4,4,2,9,2,3,9,1,0,8,False,True,True,False,False,False,True,False,False,False,False,False,True,False,False,False,False,False,True,False,True,0,0,0.13446955978533767
53,1223,7,2,4,50,3,5,3,18606,18640,3,18,3,2,1,26,6,3,7,7,4,7,False,True,True,False,False,False,True,False,False,False,False,False,True,False,False,False,False,False,False,False,False,0,0,0.00020282320393584475
39,141,3,3,3,44,4,2,2,6389,18767,9,15,3,3,1,12,3,1,8,3,3,6,False,True,False,False,False,False,False,False,False,False,True,False,False,False,False,False,False,False,True,False,False,0,0,0.23171449507561873
58,605,21,3,4,72,3,4,4,17875,11761,4,13,3,3,1,29,2,2,1,0,0,0,False,True,False,True,True,False,False,False,False,False,False,False,True,False,False,False,False,False,True,False,True,0,0,0.033809336028469215
25,622,13,1,2,40,3,1,3,2096,26376,1,11,3,3,0,7,1,3,7,4,0,6,False,True,False,True,False,False,True,False,False,True,False,False,False,False,False,False,False,True,True,False,False,0,0,0.14216397227123656
29,408,23,1,4,45,2,3,1,7336,11162,1,13,3,1,1,11,3,1,11,8,3,10,False,True,False,True,True,False,False,False,False,False,False,False,False,False,False,False,True,False,True,False,False,1,0,0.05865461007857027
44,981,5,3,3,90,2,1,3,3162,7973,3,14,3,4,0,7,5,3,5,2,0,3,False,False,True,False,True,False,False,False,False,True,False,True,False,False,False,False,False,False,False,True,False,0,0,0.04272657210245448
41,1206,23,2,4,80,3,3,3,7082,11591,3,16,3,4,0,21,2,3,2,0,0,2,False,True,False,True,True,False,False,False,False,True,False,False,False,False,False,False,True,False,False,True,True,0,0,0.2690813462303309
44,1112,1,4,1,50,2,2,3,5985,26894,4,11,3,2,0,10,1,4,2,2,0,2,False,True,False,False,True,False,False,False,False,False,True,False,False,False,False,False,False,False,False,True,False,0,0,0.1734286156347085
32,638,8,2,3,91,4,2,3,5175,22162,5,12,3,3,1,9,3,2,5,3,1,3,False,True,True,False,False,False,True,False,False,False,False,False,False,False,False,True,False,False,True,False,False,0,0,0.019250599265476
30,721,1,2,3,58,3,2,4,4011,10781,1,23,4,4,0,12,2,3,12,8,3,7,True,False,True,False,False,False,True,False,False,False,False,True,False,False,False,False,False,False,False,True,False,0,0,0.03915439523968559
37,1115,1,4,1,51,2,2,3,5993,2689,1,18,3,3,1,7,2,4,7,5,0,7,False,True,True,False,True,False,False,False,False,True,False,False,False,True,False,False,False,False,False,False,False,0,0,0.0038677996930529266
21,391,15,2,3,96,3,1,4,1232,19281,1,14,3,4,0,0,6,3,0,0,0,0,False,True,True,False,True,False,False,False,False,True,False,False,False,False,False,True,False,False,False,True,False,0,0,0.05566476667609577
39,119,15,4,2,77,3,4,1,13341,25098,0,12,3,1,0,21,3,3,20,8,11,10,False,True,False,True,False,True,False,False,False,True,False,False,False,False,False,False,True,False,False,True,False,0,1,0.5486034260128412
30,202,2,1,3,72,3,1,2,2476,17434,1,18,3,1,1,1,3,3,1,0,0,0,False,True,False,True,False,False,False,False,True,True,False,False,False,False,False,False,False,True,True,False,False,0,0,0.39947102388795347
37,1189,3,3,3,87,3,3,4,7428,14506,2,12,3,1,0,12,3,3,5,3,1,3,False,True,False,True,True,False,False,False,False,True,False,False,False,False,False,False,True,False,False,True,False,0,0,0.037908366429425945
31,1232,7,4,3,39,3,3,4,7143,25713,1,14,3,3,0,11,2,2,11,9,4,10,False,True,True,False,False,False,True,False,False,False,False,False,False,True,False,False,False,False,False,True,True,0,0,0.060534011974175524
29,1246,19,3,3,77,2,2,3,8620,23757,1,14,3,3,2,10,3,3,10,7,0,4,False,True,False,True,True,False,False,False,False,True,False,False,False,False,False,False,True,False,False,False,False,0,0,0.02002565203625698
37,1063,25,5,2,72,3,2,3,4449,23866,3,15,3,1,2,15,2,3,13,11,10,7,False,False,True,False,False,False,True,False,False,False,False,False,False,False,False,True,False,False,True,False,True,0,0,0.1406825962810173
47,571,14,3,3,78,3,2,3,4591,24200,3,17,3,3,1,11,4,2,5,4,1,2,False,True,False,True,False,False,True,False,False,False,False,False,False,False,False,False,True,False,True,False,True,0,0,0.14961441237175815
46,1125,10,3,3,94,2,3,4,9071,11563,2,19,3,3,1,15,3,3,3,2,1,2,False,True,False,True,False,True,False,False,False,False,False,False,False,False,False,False,True,False,True,False,True,0,0,0.09133980176710824
55,452,1,3,4,81,3,5,1,19045,18938,0,14,3,3,0,37,2,3,36,10,4,13,False,True,True,False,False,False,True,False,False,True,False,False,True,False,False,False,False,False,False,True,True,0,0,0.08606803552155946
28,950,3,3,4,93,3,3,2,7655,8039,0,17,3,2,3,10,3,2,9,7,1,7,False,True,True,False,False,False,True,False,False,False,False,False,False,True,False,False,False,False,False,False,False,0,0,0.0011294604737780117
49,1184,11,3,3,43,3,3,4,7654,5860,1,18,3,1,2,9,3,4,9,8,7,7,False,True,False,True,False,True,False,False,False,False,False,False,False,False,False,False,True,False,True,False,False,1,0,0.004555378232046395
27,1291,11,3,3,98,4,1,4,2534,6527,8,14,3,2,1,5,4,3,1,0,0,0,False,True,False,True,False,False,True,False,False,False,False,False,False,False,False,False,False,True,True,False,False,0,0,0.1172793655373148
48,1355,4,4,3,78,2,3,3,10999,22245,7,14,3,2,0,27,3,3,15,11,4,8,False,True,True,False,True,False,False,False,False,True,False,False,False,False,False,False,False,False,False,True,False,0,0,0.012662504491932285
38,770,10,4,3,73,2,3,3,8740,5569,0,14,3,2,2,9,2,3,8,7,2,7,False,True,False,True,False,True,False,False,False,True,False,False,False,False,False,False,True,False,False,False,True,0,0,0.08897370117629172
46,1144,7,4,3,30,3,2,3,5258,16044,2,14,3,3,0,7,2,4,1,0,0,0,False,False,True,False,False,False,True,False,False,False,False,False,False,True,False,False,False,False,True,False,False,0,0,0.002412904974262148
32,1318,10,4,4,79,3,2,4,4648,26075,8,13,3,3,0,4,2,4,0,0,0,0,True,False,False,True,False,True,False,False,False,True,False,False,False,False,False,False,True,False,False,True,False,0,0,0.3721458814811639
37,397,7,4,1,30,3,3,3,13664,25258,4,13,3,1,0,16,3,4,5,2,0,2,False,True,True,False,False,False,True,False,False,True,False,False,False,False,True,False,False,False,False,True,False,0,0,0.018554843970112228
45,252,1,3,3,70,4,5,4,19202,15970,0,11,3,3,1,25,2,3,24,0,1,7,False,True,True,False,False,False,False,True,False,True,False,False,True,False,False,False,False,False,True,False,False,0,0,0.005811444546450552
35,763,15,2,1,59,1,2,4,5440,22098,6,14,3,4,2,7,2,2,2,2,2,2,False,True,False,True,False,False,True,False,False,True,False,False,False,False,False,False,True,False,False,False,True,1,1,0.7031227654088006
45,1015,5,5,3,50,1,2,1,5769,23447,1,14,3,1,0,10,3,3,10,7,1,4,False,True,True,False,False,False,True,False,False,False,False,True,False,False,False,False,False,False,False,True,True,0,1,0.7309962593452072
31,1188,20,2,4,45,3,2,3,6932,24406,1,13,3,4,1,9,2,2,9,8,0,0,False,False,False,True,False,True,False,False,False,False,False,False,False,False,False,False,True,False,True,False,False,0,0,0.008625985501176483
30,1176,20,3,3,85,3,2,1,9957,9096,0,15,3,3,1,7,1,2,6,2,0,2,False,True,True,False,False,False,False,True,False,True,False,False,False,True,False,False,False,False,True,False,False,0,0,0.07502809539687953
38,1490,2,2,4,42,3,1,4,1702,12106,1,23,4,3,1,1,3,3,1,0,0,0,True,False,True,False,True,False,False,False,False,True,False,True,False,False,False,False,False,False,True,False,True,0,0,0.2240423931474647
45,1316,29,3,3,83,3,1,4,3452,9752,5,13,3,2,0,9,2,2,6,5,0,3,False,True,True,False,False,False,True,False,False,True,False,False,False,False,False,True,False,False,False,True,False,0,0,0.10920710146397619
59,1225,1,1,1,57,2,2,3,5473,24668,7,11,3,4,0,20,2,2,4,3,1,3,True,False,False,True,True,False,False,False,False,False,False,False,False,False,False,False,True,False,False,True,False,0,0,0.19732682274658958
29,1389,21,4,2,51,4,3,1,9980,10195,1,11,3,3,1,10,1,3,10,9,8,8,False,True,True,False,True,False,False,False,False,False,False,False,False,True,False,False,False,False,False,False,False,0,0,0.014892952754514816
49,809,1,3,3,36,3,4,3,15379,22384,4,14,3,1,0,23,2,3,8,7,0,0,False,True,True,False,True,False,False,False,False,True,False,False,True,False,False,False,False,False,False,True,False,0,0,0.010991634494775497
33,1099,4,4,1,82,2,1,2,3838,8192,8,11,3,4,0,8,5,3,5,4,0,2,False,True,True,False,False,False,True,False,False,False,False,True,False,False,False,False,False,False,True,False,False,0,0,0.2219449022227025
56,1255,1,2,1,90,3,1,1,2066,10494,2,22,4,4,1,5,3,4,3,2,1,0,False,True,True,False,True,False,False,False,False,False,False,False,False,False,False,True,False,False,True,False,False,0,0,0.012878852288809275
34,943,9,3,4,86,3,3,4,8500,5494,0,11,3,4,1,10,0,2,9,7,1,6,False,True,True,False,True,False,False,False,False,True,False,False,False,False,False,False,False,False,False,False,False,0,0,0.0010468333505648754
51,968,6,2,2,40,2,1,3,2838,4257,0,14,3,2,0,8,6,2,7,0,7,7,True,False,True,False,False,False,True,False,False,False,False,True,False,False,False,False,False,False,False,True,False,0,0,0.3442070912511381
53,661,1,4,1,60,2,4,3,12965,22308,4,20,4,4,3,27,2,2,3,2,0,2,False,False,True,False,False,False,True,False,False,False,False,False,False,True,False,False,False,False,True,False,True,0,0,0.017103654672074035
38,240,2,4,1,75,4,2,1,5980,26085,6,12,3,4,0,17,2,3,15,7,4,12,True,False,True,False,True,False,False,False,False,False,False,False,False,True,False,False,False,False,False,True,True,0,1,0.5575374176421558
19,489,2,2,1,52,2,1,4,2564,18437,1,12,3,3,0,1,3,4,1,0,0,0,False,True,False,False,False,False,False,False,True,True,True,False,False,False,False,False,False,False,False,True,False,1,1,0.5214599024777736
25,1356,10,4,3,57,3,2,4,4950,20623,0,14,3,2,0,5,4,3,4,3,1,1,False,True,False,True,True,False,False,False,False,True,False,False,False,False,False,False,True,False,False,True,False,0,0,0.059455878849674154
39,203,2,3,1,84,3,4,4,12169,13547,7,11,3,4,3,21,4,3,18,7,11,5,True,False,True,False,True,False,False,False,False,True,False,False,False,False,False,False,False,False,False,False,False,1,0,0.05406264612794368
39,408,2,4,4,80,2,2,3,4553,20978,1,11,3,1,0,20,4,3,20,7,11,10,False,True,True,False,False,False,False,False,True,False,False,False,False,False,False,False,False,False,False,True,False,0,0,0.07331512982310529
31,218,7,3,2,100,4,2,4,6929,12241,4,11,3,2,1,10,3,2,8,7,7,7,False,True,False,True,False,False,False,False,True,True,False,False,False,False,False,False,True,False,True,False,False,0,0,0.12493209978263413
29,574,20,1,4,40,3,1,4,3812,7003,1,13,3,2,0,11,3,4,11,8,3,10,True,False,True,False,False,False,True,False,False,True,False,True,False,False,False,False,False,False,True,False,False,0,0,0.02387018260115061
18,1431,14,3,2,33,3,1,3,1514,8018,1,16,3,3,0,0,4,1,0,0,0,0,False,False,True,False,False,False,True,False,False,False,False,False,False,False,False,True,False,False,False,True,False,0,0,0.06399347788499293
60,1499,28,3,3,80,2,3,1,10266,2845,4,19,3,4,0,22,5,4,18,13,13,11,True,False,False,True,False,True,False,False,False,False,False,False,False,False,False,False,True,False,True,False,False,0,0,0.07992390786296545
33,827,29,4,1,54,2,2,3,4508,3129,1,22,4,2,0,14,4,3,13,7,3,8,True,False,True,False,False,False,True,False,False,False,False,False,False,False,False,True,False,False,False,True,False,1,0,0.1823703922472636
26,1384,3,4,1,82,4,1,4,4420,13421,1,22,4,2,1,8,2,3,8,7,0,7,False,True,True,False,False,False,True,False,False,True,False,True,False,False,False,False,False,False,True,False,False,0,0,0.013353362719076
34,285,29,3,2,86,3,2,3,5429,17491,4,13,3,1,2,10,1,3,8,7,7,7,False,True,True,False,False,False,True,False,False,True,False,True,False,False,False,False,False,False,True,False,False,0,0,0.3134207494011414
21,996,3,2,4,100,2,1,3,3230,10531,1,17,3,1,0,3,4,4,3,2,1,0,False,True,True,False,False,False,True,False,False,True,False,False,False,False,False,True,False,False,False,True,False,0,0,0.06587380712240483
31,534,20,3,1,66,3,3,3,9824,22908,3,12,3,1,0,12,2,3,1,0,0,0,True,False,True,False,True,False,False,False,False,True,False,False,False,False,False,False,False,False,True,False,False,1,0,0.15362882404847097
42,544,2,1,3,52,3,1,3,2696,24017,0,11,3,3,1,4,5,3,3,2,1,0,False,True,False,False,False,False,False,False,True,True,True,False,False,False,False,False,False,False,False,False,True,0,0,0.2563146151187779
50,939,24,3,4,95,3,4,3,13973,4161,3,18,3,4,1,22,2,3,12,11,1,5,False,True,True,False,True,False,False,False,False,True,False,False,False,True,False,False,False,False,True,False,True,0,0,0.015544100531519596
28,791,1,4,4,44,3,1,3,2154,6842,0,11,3,3,0,5,2,2,4,2,0,2,True,False,True,False,False,False,True,False,False,True,False,True,False,False,False,False,False,False,False,True,True,0,1,0.7027598308851174
42,319,24,3,4,56,3,3,1,7406,6950,1,21,4,4,1,10,5,2,10,9,5,8,False,True,True,False,False,False,True,False,False,True,False,False,False,True,False,False,False,False,True,False,True,0,0,0.06580691735652347
36,894,1,4,4,33,2,2,3,4374,15411,0,15,3,3,0,4,6,3,3,2,1,2,False,False,True,False,False,False,True,False,False,False,False,False,False,True,False,False,False,False,True,False,False,0,0,0.0013143384612845851
27,994,8,3,4,37,3,3,3,8726,2975,1,15,3,4,0,9,0,3,9,8,1,7,True,False,False,True,True,False,False,False,False,True,False,False,False,False,False,False,True,False,False,True,False,0,0,0.044474481078486366
49,465,6,1,3,41,2,4,3,13966,11652,2,19,3,2,1,30,3,3,15,11,2,12,False,True,True,False,True,False,False,False,False,False,False,False,False,False,False,False,False,False,True,False,True,0,0,0.0025236893402832777
32,953,5,4,2,65,3,1,2,2718,17674,2,14,3,2,0,12,3,3,7,7,0,7,False,False,True,False,False,False,False,False,True,True,False,False,False,False,False,True,False,False,False,True,False,0,0,0.031027579997952037
54,928,20,4,4,31,3,2,3,4869,16885,3,12,3,4,0,20,4,2,4,3,0,3,True,False,True,False,True,False,False,False,False,False,False,False,False,False,False,True,False,False,False,True,False,0,0,0.022862249439196417
21,251,10,2,1,45,2,1,3,2625,25308,1,20,4,3,0,2,2,1,2,2,2,2,True,False,True,False,True,False,False,False,False,False,False,True,False,False,False,False,False,False,False,True,False,1,1,0.7927600389513519
32,827,1,1,4,71,3,1,1,2956,15178,1,13,3,4,0,1,2,3,1,0,0,0,False,True,True,False,True,False,False,False,False,True,False,False,False,False,False,True,False,False,False,True,False,0,0,0.08280360426471724
25,240,5,3,3,46,2,2,3,5744,26959,1,11,3,4,0,6,1,3,6,4,0,3,False,True,False,True,False,True,False,False,False,True,False,False,False,False,False,False,True,False,False,True,True,1,1,0.6591461878486495
32,906,7,3,4,91,2,2,3,5484,16985,1,14,3,3,1,13,3,2,13,8,4,8,False,True,False,True,True,False,False,False,False,True,False,False,False,False,False,False,True,False,True,False,False,0,0,0.02052118488811033
46,377,9,3,1,52,3,3,4,10096,15986,4,11,3,1,1,28,1,4,7,7,4,3,False,True,False,True,False,True,False,False,False,True,False,False,False,False,False,False,True,False,False,False,False,1,0,0.017605822386683213
56,713,8,3,3,67,3,1,1,4257,13939,4,18,3,3,1,19,3,3,2,2,2,2,False,True,True,False,True,False,False,False,False,False,False,False,False,False,False,True,False,False,False,False,True,0,0,0.05981653359485369
32,515,1,3,4,62,2,1,3,3730,9571,0,14,3,4,0,4,2,1,3,2,1,2,False,True,True,False,True,False,False,False,False,True,False,True,False,False,False,False,False,False,False,True,True,1,1,0.6831192044940879
39,1498,21,4,1,44,2,2,4,6120,3567,3,12,3,4,2,8,2,4,5,4,1,4,False,True,False,True,True,False,False,False,False,True,False,False,False,False,False,False,True,False,True,False,True,0,0,0.22570512463941184
25,688,3,3,1,91,3,1,1,4031,9396,5,13,3,3,1,6,5,3,2,2,0,2,False,True,True,False,False,False,True,False,False,True,False,True,False,False,False,False,False,False,True,False,False,1,0,0.23720988187540779
31,1003,5,3,1,51,3,2,3,8346,20943,1,19,3,3,1,6,3,3,5,2,0,2,False,True,False,True,False,False,False,False,True,True,False,False,False,False,False,False,True,False,True,False,False,0,0,0.13786622851848998
22,594,2,1,3,100,3,1,4,2523,19299,0,14,3,3,1,3,2,3,2,1,2,1,False,True,True,False,False,False,False,False,True,True,False,True,False,False,False,False,False,False,True,False,False,0,0,0.1381291897436947
46,430,1,4,4,40,3,5,4,19627,21445,9,17,3,4,2,23,0,3,2,2,2,2,False,True,True,False,False,False,True,False,False,True,False,False,False,False,True,False,False,False,False,False,False,0,0,0.0010568556830938115
32,1062,2,3,3,75,3,1,2,2370,3956,1,13,3,3,1,8,4,3,8,0,0,7,False,True,True,False,False,False,True,False,False,False,False,True,False,False,False,False,False,False,True,False,False,0,0,0.02451161817321501
38,903,2,3,3,81,3,2,2,4855,7653,4,11,3,1,2,7,2,3,5,2,1,4,False,True,True,False,False,False,True,False,False,True,False,False,False,True,False,False,False,False,True,False,False,1,0,0.02204839050017365
34,258,21,4,4,74,4,2,4,5337,19921,1,12,3,4,0,10,3,3,10,7,5,7,False,True,False,True,True,False,False,False,False,True,False,False,False,False,False,False,True,False,False,True,False,0,0,0.030013677312814173
45,589,2,4,3,67,3,2,3,5154,19665,4,22,4,2,2,10,3,4,8,7,5,7,False,False,False,True,True,False,False,False,False,False,False,False,False,False,False,False,True,False,True,False,False,0,0,0.0023525977025165524
49,464,16,3,4,74,3,1,1,2587,24941,4,16,3,2,1,17,2,2,2,2,2,2,False,True,True,False,False,False,True,False,False,False,False,True,False,False,False,False,False,False,False,False,True,0,0,0.37454321158744525
34,1157,5,2,2,57,2,2,4,3986,11912,1,14,3,3,1,15,3,4,15,10,4,13,False,True,True,False,False,False,True,False,False,True,False,True,False,False,False,False,False,False,True,False,False,0,0,0.007093307411955527
30,946,2,3,3,52,2,2,4,6877,20234,5,24,4,2,0,12,4,2,0,0,0,0,False,True,True,False,False,False,True,False,False,False,False,False,False,True,False,False,False,False,False,True,True,0,0,0.2820928085194282
30,125,9,2,4,83,2,1,3,2206,16117,1,13,3,1,0,10,5,3,10,0,1,8,False,True,True,False,False,False,True,False,False,True,False,True,False,False,False,False,False,False,False,True,False,0,0,0.19815655764970325
39,835,19,4,4,41,3,2,4,3902,5141,8,14,3,2,3,7,2,3,2,2,2,2,False,True,True,False,False,False,False,True,False,True,False,False,False,False,False,True,False,False,False,False,False,0,0,0.021484540509955498
50,1099,29,4,2,88,2,4,3,17046,9314,0,15,3,2,1,28,2,3,27,10,15,7,False,True,True,False,True,False,False,False,False,True,False,False,True,False,False,False,False,False,True,False,False,0,0,0.1280649843774095
35,1296,5,4,3,62,3,3,2,8095,18264,0,13,3,4,0,17,5,3,16,6,0,13,False,True,True,False,False,False,False,False,True,True,False,False,False,True,False,False,False,False,False,True,False,0,0,0.01238399018604424
37,1319,6,3,3,51,4,2,1,5974,17001,4,13,3,1,2,13,2,3,7,7,6,7,False,True,True,False,False,False,True,False,False,True,False,False,False,False,False,True,False,False,False,False,True,0,0,0.10310000721384151
40,1137,1,4,1,98,3,4,1,16823,18991,2,11,3,1,1,22,3,3,19,7,11,16,False,True,True,False,True,False,False,False,False,True,False,False,True,False,False,False,False,False,False,False,False,0,0,0.022509043306269693
35,1490,11,4,4,43,3,1,3,2660,20232,7,11,3,3,1,5,3,3,2,2,2,2,False,True,True,False,False,False,True,False,False,True,False,True,False,False,False,False,False,False,True,False,True,0,1,0.5265697293654871
24,477,24,3,4,49,3,1,2,3597,6409,8,22,4,4,0,6,2,3,4,3,1,2,False,True,True,False,False,False,True,False,False,True,False,True,False,False,False,False,False,False,False,True,False,0,1,0.5544185335819571
32,1018,2,4,1,74,4,2,4,5055,10557,7,16,3,3,0,10,0,2,7,7,0,7,False,True,True,False,False,False,True,False,False,False,False,False,False,False,False,True,False,False,False,True,False,0,0,0.0374517034961544
34,1440,7,2,2,55,3,1,3,2308,4944,0,25,4,2,1,12,4,3,11,10,5,7,False,True,False,True,False,False,False,False,True,True,False,False,False,False,False,False,False,True,True,False,True,0,0,0.31636595672652623
34,1351,1,4,2,45,3,2,4,5484,13008,9,17,3,2,1,9,3,2,2,2,2,1,False,True,True,False,True,False,False,False,False,True,False,False,False,False,False,True,False,False,True,False,False,0,0,0.0767198688247755
57,334,24,2,3,83,4,3,4,9439,23402,3,16,3,2,1,12,2,1,5,3,1,4,False,True,True,False,True,False,False,False,False,True,False,False,False,False,False,False,False,False,False,False,True,0,0,0.043110310655131406
41,796,4,1,3,81,3,3,3,10447,26458,0,13,3,4,1,23,3,4,22,14,13,5,False,True,False,True,False,True,False,False,False,False,False,False,False,False,False,False,True,False,False,False,True,0,0,0.0723821535265963
24,567,2,1,1,32,3,1,4,3760,17218,1,13,3,3,0,6,2,3,6,3,1,3,True,False,True,False,False,False,False,False,True,False,False,False,False,False,False,True,False,False,False,True,True,0,1,0.7516982973796655
56,1369,23,3,4,68,3,4,2,13402,18235,4,12,3,1,1,33,0,3,19,16,15,9,False,True,True,False,True,False,False,False,False,True,False,False,False,True,False,False,False,False,True,False,True,0,0,0.1278817669764466
28,304,9,4,2,92,3,2,4,5253,20750,1,16,3,4,0,7,1,3,7,5,0,7,False,True,False,True,True,False,False,False,False,True,False,False,False,False,False,False,True,False,False,True,False,0,0,0.05239340948304212
42,532,4,2,3,58,3,5,4,19232,4933,1,11,3,4,0,22,3,3,22,17,11,15,False,True,True,False,False,False,False,False,True,True,False,False,True,False,False,False,False,False,True,False,False,0,0,0.002062037233019943
39,1089,6,3,2,32,3,3,2,8376,9150,4,18,3,4,0,9,3,3,2,0,2,2,False,True,True,False,True,False,False,False,False,False,False,False,False,True,False,False,False,False,False,True,False,0,0,0.052390457512682495
35,1232,16,3,3,96,3,3,2,8020,5100,0,15,3,3,2,12,3,2,11,9,6,9,False,True,False,True,False,True,False,False,False,True,False,False,False,False,False,False,True,False,True,False,False,0,0,0.022157917833696975
27,443,3,3,4,50,3,1,4,1706,16571,1,11,3,3,3,0,6,2,0,0,0,0,False,False,True,False,False,False,True,False,False,True,False,False,False,False,False,True,False,False,True,False,False,0,0,0.0029427194043394047
40,448,16,3,3,84,3,3,4,7945,19948,6,15,3,4,0,18,2,2,4,2,3,3,False,True,True,False,True,False,False,False,False,False,False,False,False,True,False,False,False,False,False,True,True,0,0,0.3111001296004448
50,1046,10,3,4,100,2,3,4,10496,2755,6,15,3,4,0,20,2,3,4,3,1,3,False,True,True,False,False,False,False,False,True,True,False,False,False,False,False,False,False,False,False,True,False,0,0,0.024670841150361337
46,261,21,2,4,66,3,2,2,8926,10842,4,22,4,4,1,13,2,4,9,7,3,7,False,True,True,False,False,False,True,False,False,False,False,False,False,False,False,False,False,False,True,False,False,1,0,0.002376660181587259
28,857,10,3,3,59,3,2,3,3660,7909,3,13,3,4,0,10,4,4,8,7,1,7,False,True,True,False,False,False,False,True,False,False,False,False,False,False,False,True,False,False,False,True,False,0,0,0.0077597510810544995
40,1194,1,3,3,52,3,2,4,6513,9060,4,17,3,4,1,12,3,3,5,3,0,3,False,True,True,False,True,False,False,False,False,False,False,False,False,False,False,False,False,False,False,False,False,0,0,0.0007377157474961505
59,1435,25,3,1,99,3,3,1,7637,2354,7,11,3,4,0,28,3,2,21,16,7,9,False,True,False,True,True,False,False,False,False,False,False,False,False,False,False,False,True,False,False,True,False,0,0,0.11912098388873538
29,332,17,3,2,51,2,3,1,7988,9769,1,13,3,1,0,10,3,2,10,9,0,9,False,True,False,False,False,False,False,True,False,True,True,False,False,False,False,False,False,False,False,True,False,0,0,0.26352887433886535
42,557,18,4,4,35,3,2,1,5410,11189,6,17,3,3,1,9,3,2,4,3,1,2,False,True,True,False,True,False,False,False,False,True,False,False,False,False,False,True,False,False,False,False,True,0,0,0.33727100666132676
28,1083,29,1,3,96,1,2,2,6549,3173,1,14,3,2,2,8,2,2,8,6,1,7,False,True,True,False,True,False,False,False,False,True,False,False,False,True,False,False,False,False,True,False,False,0,0,0.05173163374527169
44,111,17,3,4,74,1,1,3,2290,4279,2,13,3,4,0,6,3,3,0,0,0,0,False,False,True,False,True,False,False,False,False,True,False,False,False,False,False,True,False,False,False,True,False,0,0,0.04436942743742025
48,969,2,2,4,76,4,1,2,2559,16620,5,11,3,3,0,7,4,2,1,0,0,0,False,True,True,False,False,False,False,False,True,True,False,True,False,False,False,False,False,False,False,True,False,0,0,0.30856314555929554
42,570,8,3,2,66,3,5,4,18430,16225,1,13,3,2,1,24,4,2,24,7,14,9,True,False,True,False,True,False,False,False,False,True,False,False,True,False,False,False,False,False,False,False,False,0,0,0.06660095379932494
35,817,1,3,4,60,2,2,4,5363,10846,0,12,3,2,1,10,0,3,9,7,0,0,False,True,True,False,False,False,True,False,False,False,False,True,False,False,False,False,False,False,True,False,False,0,0,0.01673243648834261
38,1261,2,4,4,88,3,2,3,6553,7259,9,14,3,2,0,14,3,3,1,0,0,0,False,True,True,False,True,False,False,False,False,True,False,False,False,True,False,False,False,False,True,False,False,0,0,0.025702102541806653
44,381,24,3,1,49,1,1,3,3708,2104,2,14,3,3,0,9,5,3,5,2,1,4,False,False,True,False,False,False,True,False,False,True,False,True,False,False,False,False,False,False,False,True,False,0,0,0.24286405070346495
35,1182,11,2,4,54,3,2,4,4968,18500,1,11,3,4,1,5,3,3,5,2,0,2,True,False,False,True,False,True,False,False,False,True,False,False,False,False,False,False,True,False,False,False,False,0,0,0.02158568166606884
34,131,2,3,3,86,3,2,1,4538,6039,0,12,3,4,0,4,3,3,3,2,0,2,False,True,False,True,False,True,False,False,False,False,False,False,False,False,False,False,True,False,False,True,True,0,0,0.4192294015730603
41,314,1,3,4,59,2,5,3,19189,19562,1,12,3,2,1,22,3,3,22,7,2,10,False,True,False,False,False,False,False,False,False,True,False,False,True,False,False,False,False,False,True,False,False,0,0,0.00705261045399187
53,970,7,3,3,59,4,4,3,14814,13514,3,19,3,3,0,32,3,3,5,1,1,3,False,True,True,False,True,False,False,False,False,True,False,False,False,False,True,False,False,False,True,False,False,0,0,0.0003458339242779606
33,924,2,3,3,78,3,1,4,2496,6670,4,11,3,4,0,7,3,3,1,1,0,0,False,True,True,False,False,False,True,False,False,True,False,True,False,False,False,False,False,False,False,True,False,0,0,0.10408228991918177
35,853,18,5,2,71,3,3,1,9069,11031,1,22,4,4,1,9,3,2,9,8,1,8,True,False,False,True,True,False,False,False,False,True,False,False,False,False,False,False,True,False,True,False,False,0,0,0.07472873222172774
26,786,7,3,4,76,3,1,4,2570,11925,1,20,4,3,0,7,5,3,7,7,5,7,False,False,True,False,False,False,True,False,False,True,False,True,False,False,False,False,False,False,False,True,False,0,0,0.011145244959416921
42,748,9,2,1,74,3,1,4,3673,16458,1,13,3,3,0,12,3,3,12,9,5,8,True,False,True,False,False,False,True,False,False,False,False,True,False,False,False,False,False,False,False,True,False,0,0,0.1161489243527442
60,422,7,3,1,41,3,5,1,19566,3854,5,11,3,4,0,33,5,1,29,8,11,10,False,True,True,False,True,False,False,False,False,False,False,False,True,False,False,False,False,False,True,False,False,0,0,0.08172124235377674
42,288,2,3,4,40,3,3,4,10124,18611,2,14,3,3,1,24,3,1,20,8,13,9,True,False,True,False,True,False,False,False,False,True,False,False,False,False,False,False,False,False,True,False,True,0,0,0.18870765331943637
34,296,6,2,4,33,1,1,3,2351,12253,0,16,3,4,1,3,3,2,2,2,1,0,True,False,False,True,False,True,False,False,False,False,False,False,False,False,False,False,False,True,False,False,False,1,0,0.17751503971159785
25,882,19,1,4,67,3,1,4,3669,9075,3,11,3,3,3,7,6,2,3,2,1,2,False,True,True,False,False,False,True,False,False,True,False,True,False,False,False,False,False,False,True,False,False,0,0,0.031366322497971444
38,130,2,2,4,32,3,3,2,7351,20619,7,16,3,3,0,10,2,3,1,0,0,0,False,True,False,True,False,True,False,False,False,True,False,False,False,False,False,False,True,False,False,True,False,0,0,0.24321487826814467
31,325,5,3,2,74,3,2,1,9936,3787,0,19,3,2,0,10,2,3,9,4,1,7,False,False,True,False,False,False,True,False,False,True,False,False,False,True,False,False,False,False,False,True,False,0,0,0.026484044798782056
30,1116,2,3,3,49,3,1,4,2564,7181,0,14,3,3,0,12,2,2,11,7,6,7,False,False,True,False,False,False,True,False,False,False,False,True,False,False,False,False,False,False,False,True,False,0,0,0.018390700903711258
36,845,1,5,4,45,3,2,4,6653,15276,4,15,3,2,0,7,6,3,1,0,0,0,False,False,False,True,False,False,True,False,False,False,False,False,False,False,False,False,True,False,False,True,False,0,0,0.011348371747541492
40,1202,2,1,2,89,4,2,3,6377,13888,5,20,4,2,3,15,0,3,12,11,11,8,False,True,True,False,False,False,True,False,False,False,False,False,False,False,False,False,False,False,False,False,False,0,0,0.002309474087359675
31,106,2,3,1,62,2,2,1,6410,17822,3,12,3,4,0,9,1,3,2,2,1,0,False,True,False,False,False,False,False,False,False,True,True,False,False,False,False,False,False,False,True,False,False,0,1,0.5416911745543977
49,1490,7,4,3,35,3,3,2,10466,20948,3,14,3,2,2,29,3,3,8,7,0,7,False,True,True,False,True,False,False,False,False,True,False,False,False,False,False,False,False,False,False,False,False,0,0,0.0004279423515525095
44,489,23,3,2,67,3,2,2,2042,25043,4,12,3,3,1,17,3,4,3,2,1,2,False,False,True,False,False,False,True,False,False,True,False,True,False,False,False,False,False,False,True,False,False,0,0,0.040138369867139256
24,1287,7,3,1,55,3,1,3,2886,14168,1,16,3,4,1,6,4,3,6,3,1,2,True,False,True,False,True,False,False,False,False,False,False,True,False,False,False,False,False,False,True,False,True,1,1,0.5244706632654975
37,728,1,4,1,80,3,3,4,13603,11677,2,18,3,1,2,15,2,3,5,2,0,2,False,False,True,False,False,False,True,False,False,False,False,False,False,False,True,False,False,False,False,False,True,0,0,0.0032486964257203064
29,115,13,3,1,51,3,2,2,5765,17485,5,11,3,1,0,7,4,1,5,3,0,0,True,False,False,True,False,False,False,False,True,False,False,False,False,False,False,False,True,False,False,True,False,1,1,0.918961680088298
38,508,6,4,1,72,2,2,3,5321,14284,2,11,3,4,1,10,1,3,8,3,7,7,True,False,True,False,True,False,False,False,False,True,False,False,False,True,False,False,False,False,True,False,False,0,0,0.15530188929620034
27,1103,14,3,1,42,3,1,1,2235,14377,1,14,3,4,2,9,3,2,9,7,6,8,False,True,True,False,True,False,False,False,False,True,False,False,False,False,False,True,False,False,True,False,True,0,0,0.36477779821156725
30,855,7,4,4,73,3,2,1,4779,12761,7,14,3,2,2,8,3,3,3,2,0,2,False,True,False,True,False,True,False,False,False,False,False,False,False,False,False,False,True,False,False,False,False,0,0,0.052486794387178175
32,824,5,2,4,67,2,2,2,5878,15624,3,12,3,1,1,12,2,3,7,1,2,5,False,True,True,False,True,False,False,False,False,False,False,False,False,False,False,True,False,False,True,False,False,0,0,0.03631326116964853
35,1212,8,2,3,78,2,3,4,10377,13755,4,11,3,2,1,16,6,2,13,2,4,12,False,False,False,True,False,True,False,False,False,False,False,False,False,False,False,False,True,False,True,False,True,0,0,0.08999184095384419
33,461,13,1,2,53,3,1,4,3452,17241,3,18,3,1,0,5,4,3,3,2,0,2,False,True,True,False,True,False,False,False,False,False,False,False,False,False,False,True,False,False,False,True,False,0,0,0.05551768372396893
40,720,16,4,1,51,2,2,3,5094,11983,6,14,3,4,0,10,6,3,1,0,0,0,True,False,True,False,False,False,True,False,False,True,False,True,False,False,False,False,False,False,False,True,False,0,1,0.678769220744777
31,1365,13,4,2,46,3,2,1,4233,11512,2,17,3,3,0,9,2,1,3,1,1,2,False,True,False,True,False,False,True,False,False,True,False,False,False,False,False,False,True,False,False,False,False,1,0,0.17050087717690074
45,364,25,3,2,83,3,5,2,18061,13035,3,22,4,3,0,22,4,3,0,0,0,0,True,False,True,False,False,False,True,False,False,False,False,False,True,False,False,False,False,False,False,True,False,0,0,0.06351717896009619
34,937,1,3,1,32,3,3,4,9888,6770,1,21,4,1,0,14,3,2,14,8,2,1,False,True,False,True,False,True,False,False,False,True,False,False,False,False,False,False,True,False,False,True,False,0,0,0.13856749254488748
42,188,29,3,2,56,1,2,4,4272,9558,4,19,3,1,0,16,3,3,1,0,0,0,False,True,True,False,False,False,True,False,False,True,False,True,False,False,False,False,False,False,False,True,False,0,1,0.5593941865354278
39,170,3,2,3,76,2,2,3,3069,10302,0,15,3,4,1,11,3,3,10,8,0,7,False,True,True,False,False,False,True,False,False,True,False,True,False,False,False,False,False,False,False,False,False,0,0,0.005849719772995432
56,667,1,4,3,57,3,2,3,6306,26236,1,21,4,1,1,13,2,2,13,12,1,9,False,False,True,False,True,False,False,False,False,True,False,False,False,False,False,False,False,False,False,False,False,0,0,0.0002112739752050703
25,1219,4,1,4,32,3,1,4,3691,4605,1,15,3,2,1,7,3,4,7,7,5,6,False,True,True,False,False,False,False,False,True,True,False,True,False,False,False,False,False,False,True,False,True,1,0,0.16921924426329799
59,715,2,3,3,69,2,4,4,13726,21829,3,13,3,1,0,30,4,3,5,3,4,3,False,True,True,False,True,False,False,False,False,False,False,False,False,True,False,False,False,False,False,True,True,0,0,0.059549971643853214
44,1315,3,4,4,35,3,5,4,19513,9358,4,12,3,1,1,26,2,4,2,2,0,1,False,True,True,False,False,False,False,True,False,True,False,False,True,False,False,False,False,False,True,False,True,0,0,0.0099621110097892
33,465,2,2,1,39,3,1,1,2707,21509,7,20,4,1,0,13,3,4,9,7,1,7,False,True,True,False,True,False,False,False,False,False,False,True,False,False,False,False,False,False,True,False,False,1,0,0.09930063009765544
34,648,11,3,3,56,2,2,2,4490,21833,4,11,3,4,2,14,5,4,10,9,1,8,True,False,False,False,True,False,False,False,False,True,True,False,False,False,False,False,False,False,True,False,False,0,0,0.028463168699143813
26,1146,8,3,4,38,2,2,1,5326,3064,6,17,3,3,0,6,2,2,4,3,1,2,False,True,False,True,False,False,False,False,True,True,False,False,False,False,False,False,True,False,False,True,False,1,1,0.6737617738259839
44,1199,4,2,3,92,4,5,1,19190,17477,1,14,3,4,2,26,4,2,25,9,14,13,False,True,True,False,True,False,False,False,False,True,False,False,True,False,False,False,False,False,False,False,False,0,0,0.007091266745169578
37,482,3,3,3,36,3,3,3,9434,9606,1,15,3,3,1,10,2,3,10,7,7,8,False,True,True,False,False,False,False,True,False,True,False,False,False,True,False,False,False,False,True,False,False,0,0,0.00802086230678008
54,157,10,3,3,77,3,2,1,4440,25198,6,19,3,4,0,9,3,3,5,2,1,4,False,True,True,False,False,False,True,False,False,False,False,False,False,True,False,False,False,False,False,True,True,0,0,0.380309591273026
34,1303,2,4,4,62,2,1,3,2768,8416,3,12,3,3,1,14,3,3,7,3,5,7,False,True,True,False,True,False,False,False,False,True,False,False,False,False,False,True,False,False,False,False,False,0,0,0.00916385749812647
36,1302,6,4,1,80,4,2,1,5562,19711,3,13,3,4,1,9,3,3,3,2,0,2,True,False,True,False,True,False,False,False,False,True,False,True,False,False,False,False,False,False,True,False,True,0,1,0.6896788974387311
40,1151,9,5,4,63,2,2,4,4876,14242,9,14,3,4,1,5,5,1,3,2,0,2,False,False,True,False,True,False,False,False,False,True,False,False,False,False,False,False,False,False,True,False,False,0,0,0.008613483431368404
49,1023,2,3,4,63,2,2,2,5390,13243,2,14,3,4,0,17,3,2,9,6,0,8,True,False,False,True,False,False,True,False,False,True,False,False,False,False,False,False,True,False,True,False,False,0,0,0.016396484107606333
39,439,9,3,3,70,3,2,2,6782,8770,9,15,3,3,0,9,2,2,5,4,0,3,False,False,True,False,True,False,False,False,False,True,False,True,False,False,False,False,False,False,False,True,False,0,0,0.27244044146667173
41,427,10,4,2,73,2,5,4,19141,8861,3,15,3,2,3,23,2,2,21,6,12,6,False,True,False,False,False,False,False,False,False,True,False,False,True,False,False,False,False,False,False,False,False,0,0,0.1100860471471378
52,771,2,4,1,79,2,5,3,19068,21030,1,18,3,4,0,33,2,4,33,7,15,12,False,False,False,True,True,False,False,False,False,True,False,False,True,False,False,False,False,False,False,True,True,0,1,0.5074536481475459
31,655,7,4,4,48,3,2,4,5915,9528,3,22,4,4,1,10,3,2,7,7,1,7,False,True,True,False,True,False,False,False,False,True,False,True,False,False,False,False,False,False,False,False,False,0,0,0.006020734636449454
40,369,8,2,2,92,3,2,1,6516,5041,2,16,3,2,1,18,3,3,1,0,0,0,False,True,True,False,True,False,False,False,False,False,False,False,False,True,False,False,False,False,True,False,True,0,0,0.12087441550709083
30,1275,28,2,4,64,3,2,4,5775,11934,1,13,3,4,2,11,2,3,10,8,1,9,False,True,True,False,False,False,True,False,False,False,False,False,False,False,False,True,False,False,True,False,False,0,0,0.0018000919518343034
29,1283,23,3,4,54,3,1,4,2201,18168,9,16,3,4,0,6,4,3,3,2,1,2,False,True,True,False,True,False,False,False,False,True,False,False,False,False,False,True,False,False,False,True,False,0,0,0.13221202207776864
58,289,2,3,4,51,3,1,3,2479,26227,4,24,4,1,0,7,4,3,1,0,0,0,False,True,True,False,False,False,False,False,True,True,False,False,False,False,False,True,False,False,False,True,False,1,0,0.09656905531449692
40,1469,9,4,4,35,3,1,2,3617,25063,8,14,3,4,1,3,2,3,1,1,0,0,True,False,True,False,False,False,True,False,False,True,False,False,False,False,False,True,False,False,False,False,True,0,1,0.5045742688570886
43,1291,15,2,3,65,2,4,3,17603,3525,1,24,4,1,1,14,3,3,14,10,6,11,False,True,True,False,True,False,False,False,False,True,False,False,False,False,True,False,False,False,True,False,False,0,0,0.0011230448522730704
37,342,16,4,4,66,2,2,3,6334,24558,4,19,3,4,2,9,2,3,1,0,0,0,False,True,False,True,False,True,False,False,False,True,False,False,False,False,False,False,True,False,False,False,False,0,0,0.061582046822560556
30,1465,1,3,4,63,3,1,2,3579,9369,0,21,4,1,1,12,2,3,11,9,5,7,False,True,True,False,False,False,True,False,False,True,False,False,False,False,False,True,False,False,True,False,True,0,0,0.048363340688209425
30,990,7,3,3,64,3,1,3,1274,7152,1,13,3,2,2,1,2,2,1,0,0,0,False,False,True,False,False,False,False,False,True,True,False,False,False,False,False,True,False,False,False,False,False,0,0,0.02598751766823319
34,653,10,4,4,92,2,2,3,5063,15332,1,14,3,2,1,8,3,2,8,2,7,7,True,False,True,False,False,False,False,False,True,True,False,False,False,False,False,False,False,False,True,False,False,0,0,0.15918597330668396
33,1111,5,1,2,61,3,2,4,9998,19293,6,13,3,1,0,8,2,4,5,4,1,2,True,False,False,True,True,False,False,False,False,True,False,False,False,False,False,False,True,False,True,False,False,0,0,0.13551096845954452
49,527,8,2,1,51,3,3,2,7403,22477,4,11,3,3,1,29,3,2,26,9,1,7,False,True,True,False,False,False,False,True,False,False,False,True,False,False,False,False,False,False,True,False,False,0,0,0.08553820909800104
50,854,1,4,4,68,3,5,4,19517,24118,3,11,3,3,1,32,3,2,7,0,0,6,False,True,False,True,False,False,True,False,False,False,False,False,True,False,False,False,False,False,False,False,False,0,0,0.0008795700617162635
30,1398,22,4,3,69,3,3,1,8412,2890,0,11,3,3,0,10,3,3,9,8,7,8,False,False,False,True,False,False,False,True,False,False,False,False,False,False,False,False,True,False,True,False,False,0,0,0.014075316935897317
35,138,2,3,2,37,3,2,2,4425,15986,5,11,3,4,0,10,5,3,6,2,1,2,True,False,True,False,False,False,True,False,False,False,False,True,False,False,False,False,False,False,False,True,False,0,0,0.3964662912693964
47,543,2,4,3,87,3,2,2,4978,3536,7,11,3,4,1,4,3,1,1,0,0,0,False,False,False,True,False,True,False,False,False,True,False,False,False,False,False,False,True,False,True,False,False,0,0,0.0851324584782529
35,1214,1,3,2,30,2,1,3,2859,26278,1,18,3,1,0,6,3,3,6,4,0,4,False,True,True,False,False,False,True,False,False,True,False,False,False,False,False,True,False,False,False,True,False,0,0,0.06603710990155237
49,1064,2,1,2,42,3,5,4,19161,13738,3,15,3,4,0,28,3,3,5,4,4,3,True,False,True,False,True,False,False,False,False,True,False,False,False,False,True,False,False,False,True,False,False,0,0,0.0011289271910608393
43,990,27,3,4,87,4,1,2,4876,5855,5,12,3,3,1,8,0,3,6,4,0,2,False,True,True,False,False,False,False,False,True,True,False,True,False,False,False,False,False,False,False,False,False,0,0,0.1989579978786951
34,658,7,3,1,66,1,2,3,6074,22887,1,24,4,4,0,9,3,3,9,7,0,6,True,False,True,False,True,False,False,False,False,True,False,True,False,False,False,False,False,False,False,True,True,1,1,0.8099814551879254
30,979,15,2,3,94,2,3,1,7140,3088,2,11,3,1,1,12,2,3,7,7,1,7,False,True,False,True,False,True,False,False,False,True,False,False,False,False,False,False,True,False,False,False,False,0,0,0.04102813096392263
31,1112,5,4,1,67,3,2,4,5476,22589,1,11,3,1,2,10,2,3,10,0,0,2,False,True,False,True,True,False,False,False,False,False,False,False,False,False,False,False,True,False,True,False,False,0,0,0.06267181821064031
46,991,1,2,4,44,3,1,1,3423,22957,6,12,3,3,0,10,3,4,7,6,5,7,False,True,False,False,True,False,False,False,False,False,True,False,False,False,False,False,False,False,False,True,False,0,0,0.06354833006939371
43,177,8,3,1,55,3,2,2,4765,23814,4,21,4,3,1,4,2,4,1,0,0,0,False,True,True,False,True,False,False,False,False,False,False,False,False,True,False,False,False,False,False,False,False,0,0,0.024470566538016075
39,792,1,3,4,77,3,2,4,6472,8989,1,15,3,4,1,9,2,3,9,8,5,8,False,False,True,False,True,False,False,False,False,True,False,True,False,False,False,False,False,False,True,False,True,0,0,0.020862277422840445
41,918,6,3,4,35,3,3,3,9241,15869,1,12,3,2,0,10,3,3,10,8,8,7,False,True,False,True,False,True,False,False,False,True,False,False,False,False,False,False,True,False,False,True,False,0,0,0.05684930224044061
52,715,19,4,4,41,3,1,4,4258,26589,0,18,3,1,1,5,3,3,4,3,1,2,False,False,True,False,False,False,True,False,False,True,False,False,False,False,False,True,False,False,True,False,False,0,0,0.003764038343375671
30,641,25,2,4,85,3,2,3,4736,6069,7,12,3,2,1,4,2,4,2,2,2,2,False,False,False,True,False,False,False,False,True,False,False,False,False,False,False,False,True,False,True,False,True,0,0,0.43917374124525366
48,1108,15,4,3,65,3,1,1,2367,16530,8,12,3,4,1,10,3,2,8,2,7,6,False,True,True,False,False,False,False,True,False,False,False,False,False,False,False,True,False,False,True,False,False,0,0,0.19062471091214475
29,441,8,1,3,39,1,2,1,9715,7288,3,13,3,3,1,9,3,3,7,7,0,7,False,True,True,False,False,False,False,True,False,False,False,False,False,False,False,False,False,False,True,False,False,0,0,0.009223196335008413
49,1091,1,2,3,90,2,4,3,13964,17810,7,12,3,4,0,25,2,3,7,1,0,7,False,True,True,False,False,False,False,False,True,False,False,False,False,False,False,False,False,False,False,True,True,0,0,0.18924397964517434
35,287,1,4,3,62,1,1,4,2977,8952,1,12,3,4,1,4,5,3,4,3,1,1,False,True,True,False,True,False,False,False,False,False,False,False,False,False,False,True,False,False,True,False,False,0,0,0.01098008149263729
28,467,7,3,3,55,3,2,1,4898,11827,0,14,3,4,0,5,5,3,4,2,1,3,True,False,False,True,True,False,False,False,False,True,False,False,False,False,False,False,True,False,False,True,False,0,0,0.1923358860966303
32,1184,1,3,3,70,2,1,2,2332,3974,6,20,4,3,0,5,3,3,3,0,0,2,False,False,True,False,True,False,False,False,False,False,False,True,False,False,False,False,False,False,True,False,False,0,0,0.05751051355628109
31,480,7,2,2,31,3,2,1,4306,4156,1,12,3,2,1,13,5,1,13,10,3,12,False,True,True,False,False,False,True,False,False,False,False,False,False,True,False,False,False,False,True,False,False,0,0,0.005939300437928423
34,304,2,3,4,60,3,2,4,6274,18686,1,22,4,3,0,6,5,3,6,5,1,4,False,True,False,True,False,False,False,True,False,True,False,False,False,False,False,False,True,False,False,True,False,0,0,0.013719817611957922
34,167,8,5,2,32,3,2,1,5121,4187,3,14,3,3,1,7,3,3,0,0,0,0,False,True,True,False,True,False,False,False,False,False,False,False,False,True,False,False,False,False,False,False,False,0,0,0.023997583295268382
50,1322,28,3,4,43,3,4,1,16880,22422,4,11,3,2,0,25,2,3,3,2,1,2,False,True,True,False,True,False,False,False,False,False,False,False,False,False,True,False,False,False,True,False,True,0,0,0.027612612763547418
37,1225,10,2,4,80,4,1,4,4680,15232,3,17,3,1,0,4,2,3,1,0,0,0,False,True,True,False,True,False,False,False,False,True,False,False,False,False,False,True,False,False,False,True,False,0,0,0.04152785179568251
47,249,2,2,3,35,3,2,4,4537,17783,0,22,4,1,1,8,2,3,7,6,7,7,False,True,False,True,False,True,False,False,False,False,False,False,False,False,False,False,True,False,True,False,True,0,0,0.06695434872187139
